---,RowName,LogID,Title,Date,BodyText
1,1,LOG-109-01,TEST TEST,09/13/3043,"Anyone there? ""Don't leave me..."" ""No, no, no!"" ""Leave him, there is no room, it is going to?"""
2,2,LOG-109-02,Log 2,09/13/3043,"Hey, you. You are finally awake."
3,3,LOG-109-03,Log 3,09/13/3043,Press F to pay respects
4,4,LOG-110-01,Log 4,09/15/3043,Another two days passed
5,5,LOG-111-01,Log 5,09/16/3043,"Emmm, something went wrong?"
6,6,LOG-###-###,Log ?,XX/XX/XXXX,"####, it killing us! Help! ### are killing us!"
7,7,!@#&*@!)#,"NSLOCTEXT(""DT_Logs [FD5B96F58B5BD14DA9B0650CEF6F40C7]"", ""7_Title"", ""oas!djca)zs"")","NSLOCTEXT(""DT_Logs [FD5B96F58B5BD14DA9B0650CEF6F40C7]"", ""7_Date"", ""00/00/0000"")",$#%!@*()$%
8,8,ERROR,ERROR,ERROR,ERROR
9,9,XXXX,XXXX,XXXX,XXXX
10,10,ASD,ASD,ASD,ASD
